MaxTripDistance,zscore_climate,center_year,sex,penguinseq
22.83,-1.4275689789000334,-11,M,10227
38.83,-0.034054877371814375,-11,M,10227
61.5,0.1381457626414862,-11,M,10227
90.22,-0.42774338748962926,-11,M,10227
55.81,-2.0510212096287344,-9,M,10227
52.16,-0.9754648186973253,-11,F,10710
66.65,0.48438845919786305,-11,F,10710
71.59,0.16531700867527213,-11,F,10710
78.43,0.1381457626414862,-11,F,10710
64.55,-0.5785313813925319,-11,F,10710
96.18,-0.49336237008748696,-11,F,10710
106.4,0.0033130140196292804,-7,M,11828
103.97,-0.3428361288278888,-7,M,11828
111.27,-0.40195302092734875,-7,M,11828
62.98,-1.4472483147645974,-7,M,11828
80.92,-0.8259171311416116,-7,M,11828
96.68,-1.0967891480392589,8,M,123729
83.55,-0.6828275181160312,8,M,123729
97.31,-0.2997635400415789,8,M,123729
104.24,-0.21900052662907102,8,M,123729
65.82,0.7644723780700179,8,M,123729
70.58,0.9856246412090327,8,M,123729
81.56,1.8059776108322878,8,M,123729
65.01,1.430684585733393,9,M,128741
97.82,1.2651735690924726,9,M,128741
61.12,0.6095976146684909,9,M,128741
99.37,0.5147921412380811,9,M,128741
104.98,1.272315670083089,9,M,128741
90.99,1.0882179653585335,9,M,128741
87.85,1.4090422923163581,9,M,128741
94.28,-0.2997635400415789,8,M,133732
106.95,-0.05003349641467496,8,M,133732
45.27,0.47788886056297536,8,M,133732
76.94,0.22592121843985546,8,M,133732
59.36,0.20741551878935044,8,M,133732
77.67,0.17149477717683065,8,M,133732
95.78,0.757799987699384,8,M,133732
74.82,1.2922787155809492,8,M,133732
114.19,1.3799769841784617,8,M,133732
69.84,-1.269529857781898,8,M,133733
70.83,-0.17983475992611714,8,M,133733
105.05,-0.2997635400415789,8,M,133733
99.61,-0.05003349641467496,8,M,133733
64.82,0.47788886056297536,8,M,133733
56.25,0.33322580490572,8,M,133733
74.1,0.6728520458535857,8,M,133733
81.36,0.17149477717683065,8,M,133733
55.22,0.757799987699384,8,M,133733
38.94,1.2819004284269246,8,M,133733
56.02,1.8059776108322878,8,M,133733
113.79,1.358337581835581,8,M,133733
68.77,1.988963200146166,8,M,133733
68.62,1.3789418004807428,8,M,133733
68.04,-0.9178719373433007,8,M,133734
77.48,-1.269529857781898,8,M,133734
70.34,-0.17983475992611714,8,M,133734
78.99,-0.2997635400415789,8,M,133734
59.17,-0.05003349641467496,8,M,133734
63.69,0.47788886056297536,8,M,133734
63.85,0.22592121843985546,8,M,133734
59.68,0.20741551878935044,8,M,133734
53.94,0.18330737351177323,8,M,133734
71.22,0.17149477717683065,8,M,133734
67.7,0.9856246412090327,8,M,133734
64.93,1.2922787155809492,8,M,133734
93.74,-1.2323287476264206,8,M,133739
80.19,-1.269529857781898,8,M,133739
98.41,-0.17983475992611714,8,M,133739
111.9,-0.25284287298031205,8,M,133739
89.73,0.2578165234942617,8,M,133739
67.65,0.8057755598420165,8,M,133739
108.92,-1.2992809011453361,8,M,133757
98.5,-1.2323287476264206,8,M,133757
124.08,-0.5804323070748283,8,M,133757
106.92,-0.2997635400415789,8,M,133757
71.84,0.4060060265419609,8,M,133757
76.17,0.6040810376922182,9,M,163918
58.04,1.5678513645312635,9,M,163918
62.97,1.4307051172661145,9,M,163918
79.42,1.5019548803856064,9,M,163918
73.37,1.2651735690924726,9,M,163918
91.38,0.5907418005816975,9,M,163918
109.23,0.6095976146684909,9,M,163918
88.13,0.5147921412380811,9,M,163918
53.28,0.6040810376922182,9,M,163922
58.73,1.5678513645312635,9,M,163922
61.35,1.4307051172661145,9,M,163922
83.65,1.2741010968999866,9,M,163922
48.58,0.8777522760020592,9,M,163922
45.05,0.5941890955779937,9,M,163922
63.07,0.537701290585946,9,M,163922
51.03,0.9615750717499538,9,M,163922
71.47,1.272315670083089,9,M,163922
62.69,1.0932515346671519,9,M,163922
65.58,1.1036722898215654,9,M,163922
38.98,1.1163911375643671,9,M,163922
75.12,1.4090422923163581,9,M,163922
68.85,1.8119415210207708,9,M,163922
85.85,1.4135880687779723,9,M,163922
73.29,1.2201036861442414,9,M,163922
72.76,0.6040810376922182,9,M,163929
65.79,1.5019548803856064,9,M,163929
86.16,1.2651735690924726,9,M,163929
62.43,0.5907418005816975,9,M,163929
72.52,0.6095976146684909,9,M,163929
77.54,0.537701290585946,9,M,163929
118.19,1.0128369819608294,9,M,163929
68.27,1.0882179653585335,9,M,163929
80.68,1.3478553809934393,9,M,163929
91.72,1.4090422923163581,9,M,163929
129.63,1.5305516574764326,9,M,163929
85.63,1.5103046999809944,9,M,163932
69.87,1.2741010968999866,9,M,163932
60,0.8777522760020592,9,M,163932
74.1,0.5941890955779937,9,M,163932
64.57,0.537701290585946,9,M,163932
51.38,0.5147921412380811,9,M,163932
71.98,1.1932048089781744,10,M,163932
108.37,-0.1687525615579591,10,F,163934
80.24,0.03967094440605326,10,F,163934
83.74,0.6023140897755793,10,F,163934
103.6,1.3504140201395454,10,F,163934
71.23,1.5924438548807438,10,F,163934
98.02,1.041591912184039,10,F,163934
99.09,0.4758764542681639,10,F,163934
82.6,-0.557272967990023,10,F,163934
108.06,-0.5773738009703572,10,F,163934
73.83,1.5103046999809944,9,M,163939
67.22,1.5019548803856064,9,M,163939
80.39,1.2651735690924726,9,M,163939
65.88,0.5941890955779937,9,M,163939
84.1,0.39976823581865284,9,M,163939
75.26,0.9615750717499538,9,M,163939
87.73,1.11609411331188,9,M,163939
113.01,1.0882179653585335,9,M,163939
83.65,1.1163911375643671,9,M,163939
101.5,1.4090422923163581,9,M,163939
105.76,1.8119415210207708,9,M,163939
69.93,1.430684585733393,9,M,163941
74.91,1.2651735690924726,9,M,163941
52.19,0.5941890955779937,9,M,163941
114.24,0.6095976146684909,9,M,163941
54.83,0.9615750717499538,9,M,163941
56.44,1.5678513645312635,9,M,163943
67.61,1.430684585733393,9,M,163943
60.79,1.2741010968999866,9,M,163943
65.44,0.8777522760020592,9,M,163943
83.5,0.5941890955779937,9,M,163943
109.44,1.430684585733393,9,M,163950
127.71,1.2651735690924726,9,M,163950
112.81,0.6095976146684909,9,M,163950
91.03,0.949724592279527,9,M,163950
106.21,1.11609411331188,9,M,163950
92.77,1.1036722898215654,9,M,163950
102.45,1.1163911375643671,9,M,163950
106.88,1.5305516574764326,9,M,163950
88.87,-1.839275621661641,-9,M,17691
76.7,-1.8939612274752802,-9,M,17691
47.85,-1.59041193803715,-9,M,17691
91,-1.174150463516792,-9,M,17691
134.01,-1.201604234225682,-9,M,17691
176.13,0.6023140897755793,10,F,179982
89.3,1.481230940399499,10,F,179982
85.25,1.0052060530870122,10,F,179982
114.97,0.5989361248217401,10,F,179982
116.23,-0.6733072754000524,10,F,179982
119.03,-0.5773738009703572,10,F,179982
58.53,0.6023140897755793,10,M,179983
99.01,1.1932048089781744,10,M,179983
102.92,1.481230940399499,10,M,179983
106.84,1.041591912184039,10,M,179983
122.52,0.0556271414409505,10,M,179983
76.3,-0.1687525615579591,10,F,204988
87.28,0.04683691778839437,10,F,204988
156.87,0.6023140897755793,10,F,204988
110.4,1.481230940399499,10,F,204988
95.31,1.041591912184039,10,F,204988
81.78,0.0556271414409505,10,F,204988
109.11,-0.557272967990023,10,F,204988
48.97,0.04683691778839437,10,M,204990
67.85,0.006681400513851913,10,M,204990
74.86,0.7308574479531509,10,M,204990
65.61,1.3504140201395454,10,M,204990
80.27,1.481230940399499,10,M,204990
118.37,1.041591912184039,10,M,204990
37.08,0.08288025376236546,10,M,204994
66.53,0.03967094440605326,10,M,204994
45.92,0.6023140897755793,10,M,204994
139.49,1.1932048089781744,10,M,204994
91.6,1.5924438548807438,10,M,204994
52.14,0.03967094440605326,10,M,204995
71.21,0.6023140897755793,10,M,204995
44.59,1.4245966365176443,10,M,204995
45.91,1.5924438548807438,10,M,204995
130.35,1.041591912184039,10,M,204995
25.31,0.04683691778839437,10,F,205012
77.78,1.481230940399499,10,F,205012
106.26,1.041591912184039,10,F,205012
121.96,0.0556271414409505,10,F,205012
110.45,-0.8125190285706377,10,F,205012
80.95,1.1921165588330067,-10,F,25061
65.71,1.7000444301277562,-10,F,25061
127.31,1.8670668293562096,-10,F,25061
94.96,1.4998413448289432,-10,F,25061
125.28,1.2436470032382971,1,M,25582
93.39,-1.3597478583805827,1,M,25582
133.01,-1.3826407663015585,1,M,25582
91.43,-0.3018259773921978,1,M,25582
171.14,0.2182039870493132,1,M,25582
161.89,0.49690423876043455,1,M,25582
101.03,0.1978244907390785,-6,M,27556
67,1.036534236390358,-6,M,27556
62.9,-2.8949129361112087,-10,M,27832
117.03,-2.740541825398215,-10,M,27832
91.79,-1.4374153927245124,-10,M,27832
71.13,-1.4135533056022527,-8,M,27832
54.48,-1.7572359237878796,-8,M,27832
60.02,-1.5043463586828423,-8,M,27832
74.74,-1.0856804453946005,-8,M,27832
62.28,-0.6357360979589765,-8,M,27832
85.82,-0.16176715089828125,-8,M,27832
71.21,-0.6354081880100457,-8,M,27832
110.68,-2.8277012285373933,-11,M,28276
46.62,-0.3391360397586864,-11,M,28276
58.08,0.48438845919786305,-11,M,28276
34.95,0.16531700867527213,-11,M,28276
46.88,0.06956324234123383,-11,M,28276
23.87,-2.737990805368683,-10,M,28392
48.38,-1.3198622278921301,-8,M,28392
52.29,-1.7572359237878796,-8,M,28392
64.71,-1.5043463586828423,-8,M,28392
54.89,-0.03498769263895102,-8,M,28392
56.76,-0.22994865821458138,-8,M,28392
56.93,-0.8161429586650085,-8,M,28392
118.78,-0.9777353428743105,-8,M,28392
46.65,-0.1393006619741762,-8,M,28392
37.07,0.8356606472006691,-8,M,28425
105.18,0.35514885730606605,-8,M,28425
182.92,-0.006709917683809377,-8,M,28425
163.46,0.587565809790037,-8,M,28425
94.54,0.9997678530196751,-8,M,28425
114.21,-0.04838004634996143,-8,M,28425
147.99,0.07005733848202259,-11,M,28438
116.89,-0.2885965526028048,-11,M,28438
109.61,-0.30225705339096376,-11,M,28535
120.16,-0.26277462615635294,-11,M,28535
114.92,0.860151424483523,-11,M,28535
117.11,0.5637662089089113,-11,M,28535
72.65,0.2578753912044748,-11,M,28535
119.36,-0.724778929168311,-11,M,28535
80.52,-0.24687423325192034,-11,F,29008
70.68,-0.3718750563727334,-11,F,29008
44.36,-2.740541825398215,-10,M,29052
47.94,-1.237532356719675,-10,M,29052
55.46,-1.1298749347419308,-10,M,29052
129.05,-1.0795349501968259,-10,M,29052
54.44,-1.2067739497719012,-10,M,29052
94.67,-0.8302171330405533,-10,M,29052
91.7,-1.414150585499007,-5,M,29063
85.03,-0.9437735769049497,-3,M,29063
117.12,-0.4277167550918965,-3,M,29063
132.32,1.3517468062581097,-3,M,29063
147.55,0.32638971983814546,-3,M,29063
159.91,-0.47161554145782086,-3,M,29063
83.96,-2.6929337674372698,-11,M,29208
40.32,-0.9754648186973253,-11,M,29208
45.88,-0.28993255451820626,-11,M,29208
47.91,0.48438845919786305,-11,M,29208
66.06,0.2419502117968671,-11,M,29208
73.18,0.06956324234123383,-11,M,29208
81.64,-0.4879767423285758,-11,M,29208
117.77,-0.43909488345480624,-5,M,29414
167.68,-0.55037045468832,-5,M,29414
116.8,2.085141196121434,-5,M,29414
149.46,2.1857522956516062,-5,M,29414
180.42,1.0101789691648044,-5,M,29414
52.35,-1.4589673221739916,-9,M,29460
97.04,-1.59041193803715,-9,M,29460
71.96,-1.236539470412736,-9,M,29460
90.12,-1.009581414940138,-9,M,29460
75.33,-0.7434012261307544,-9,M,29460
100.28,-1.2166997666029713,-9,M,29460
181.54,-0.2748127772342382,-11,M,29530
68.69,-0.2885965526028048,-11,M,29530
179.43,0.2582936348318385,-11,M,29530
115.51,-0.43909488345480624,-5,M,29677
107.75,-0.55037045468832,-5,M,29677
101.82,0.7227093980718088,-5,M,29677
102.16,2.085141196121434,-5,M,29677
112.17,2.2033564475355454,-5,M,29677
118.34,1.812891222541417,-5,M,29677
70.24,0.5698027074227351,-5,M,29677
135.58,0.04934275876324628,-5,M,29677
86.52,0.12011472204966285,-5,M,29677
99.38,0.21249745785447802,-5,M,29677
72.74,1.1087121925793395,-10,M,30129
70.17,1.5081593352896174,-10,M,30129
82.12,1.8670668293562096,-10,M,30129
92.55,1.7237386203332132,-10,M,30129
83.91,0.8271469363976229,-10,M,30129
86.07,-0.01894655193025038,-10,M,30129
79.45,0.05269322951994254,-10,M,30129
133.55,-0.4168702145208177,-10,M,30129
47.28,-0.034054877371814375,-11,M,30184
63.82,-0.5785313813925319,-11,M,30184
168.95,0.15273506597110276,-8,M,30184
34.01,0.04585158208729003,-8,M,30184
54.41,0.587565809790037,-8,M,30184
82.26,1.0224382827025869,-8,M,30184
63,0.654571870310997,-8,M,30184
140.35,0.07005733848202259,-11,M,30347
85.15,-0.0700608388241166,-11,M,30347
137.39,-0.2748127772342382,-11,M,30347
34.78,0.6435492293447274,-8,M,30347
58.39,-0.13243279059413493,-8,M,30347
41.97,0.20306036923214826,-8,M,30347
32.57,-0.42488246556900777,-8,M,30347
49.15,0.9997678530196751,-8,M,30347
150.19,1.3923034129000447,-8,M,30347
138.55,1.5041260104966976,-8,M,30347
91.29,-1.839275621661641,-9,M,30506
82.18,-1.8939612274752802,-9,M,30506
101.41,-1.59041193803715,-9,M,30506
90.93,-1.236539470412736,-9,M,30506
110.43,-1.201604234225682,-9,M,30506
58.95,1.1087121925793395,-10,M,30508
73.22,1.4953151672915947,-10,M,30508
94.35,1.4998413448289432,-10,M,30508
113.31,0.5417994779418479,-10,M,30508
106.49,-0.21376500224965497,-10,M,30508
69.16,-1.5522868454063328,-9,M,31967
112.61,-0.7890295422660107,-9,M,31967
122.3,-0.17309238440930103,-9,M,31967
158.02,-0.025692977648139582,-9,M,31967
80.24,-0.21270753407563053,-9,M,31967
115.9,-1.137554834558869,-5,M,31967
127.63,0.7084324433902892,-5,M,31967
114.92,2.085141196121434,-5,M,31967
115.15,2.1857522956516062,-5,M,31967
123.87,1.082737943835101,-5,M,31967
113.96,0.17123485806759425,-5,M,31967
55.3,-1.5522868454063328,-9,M,32268
37.82,-0.9499557104570598,-9,M,32268
41.9,-0.1981476216756656,-9,M,32268
67.34,0.4482453448732296,-9,M,32268
65.5,-0.025692977648139582,-9,M,32268
70.2,-0.41724131844750395,-7,M,33034
79.32,-0.13042994912372502,-7,M,33034
129.85,-0.40195302092734875,-7,M,33034
96.06,-1.4472483147645974,-7,M,33034
70.21,0.7531888036824822,-7,M,33034
142.45,0.7307625108247997,-7,M,33034
107.52,-0.826893565462281,-5,M,33034
126.65,-1.137554834558869,-5,M,33034
116.18,0.7084324433902892,-5,M,33034
133.29,1.5999502576759852,-5,M,33034
124.83,2.0314001011278195,-5,M,33034
150.86,1.0101789691648044,-5,M,33034
152.52,-0.13946932978768697,-5,M,33034
133.65,0.3266042296319412,-5,M,33034
55.4,-1.7572359237878796,-8,M,43531
100.26,-0.22994865821458138,-8,M,43531
90.56,-0.7934902320332075,-8,M,43531
98.06,-0.7801175947177351,-8,M,43531
106.64,0.21647372252940342,-8,M,43531
101.7,0.35649539629857263,-8,M,43531
82.11,0.011173826116223121,-7,M,45263
95.03,0.0033130140196292804,-7,M,45263
77.09,-0.3428361288278888,-7,M,45263
111.39,-0.40195302092734875,-7,M,45263
140.5,-0.8968823060678369,-7,M,45263
129.69,-0.9153010133364534,-7,M,45263
187.97,0.5185528619014113,-7,M,45263
105.59,-1.137554834558869,-5,M,45715
114.16,0.4599311664289553,-5,M,45715
143.99,2.0314001011278195,-5,M,45715
118.08,0.6364658741784984,-5,M,45715
171.02,0.04934275876324628,-5,M,45715
118.17,-0.008661329310293644,-7,M,46039
107.25,-0.8543867164648149,-5,M,46039
82.81,-0.9952706047490227,-5,M,46039
110.88,-1.137554834558869,-5,M,46039
122.91,0.7084324433902892,-5,M,46039
126.38,1.5999502576759852,-5,M,46039
143.66,2.1857522956516062,-5,M,46039
153.49,1.0101789691648044,-5,M,46039
76.26,0.04934275876324628,-5,M,46039
135.3,0.17231422991733164,-5,M,46039
60.58,-0.09727327083025064,-3,M,46039
79.41,-0.3497101192760147,-3,M,46039
109.38,-0.5426459515488792,-3,M,46039
155.52,-0.40508884445186855,-3,M,46039
127.12,0.09598293838000668,-3,M,46039
163.08,1.4806299732959622,-3,M,46039
172.17,1.4031039919022217,-3,M,46039
64.87,1.5206347137411247,1,M,46650
112.45,0.28683238940164685,1,M,46650
78.96,-1.315160201280927,1,M,46650
84.79,-1.4313037461007516,1,M,46650
75.46,-1.2059409779562635,1,M,46650
102.18,-0.3018259773921978,1,M,46650
111.13,0.7845431481237857,1,M,46650
116.4,0.1821449278867023,1,M,46650
98.87,-1.137554834558869,-5,M,46834
99.34,0.7084324433902892,-5,M,46834
105.35,1.5999502576759852,-5,M,46834
107.78,2.1857522956516062,-5,M,46834
140.06,0.17123485806759425,-5,M,46834
112.51,1.5067172487676572,-5,M,46834
94.31,1.1686587194144777,-5,M,46834
107.2,-0.23511349460755518,-6,M,46846
176.64,-0.4996281798440925,-6,M,46846
73.3,-0.008661329310293644,-7,M,46877
94.43,-0.13042994912372502,-7,M,46877
97.14,-0.8820677794475655,-7,M,46877
85.77,-1.0170791721153991,-7,M,46877
78.39,-0.9153010133364534,-7,M,46877
107.33,-0.7379681895754497,-12,M,47060
109.19,0.3421639205423418,-12,M,47060
133.36,0.841546547165404,-12,M,47060
106.59,0.36381469032044866,-12,M,47060
98.39,0.5052112967479302,-12,M,47060
67.76,-0.2818453595196152,-3,M,47094
40.87,-0.7503462691055661,-3,M,47094
111.67,-0.3746324579243882,-3,M,47094
88.63,0.0726559397418769,-3,M,47094
106.72,1.085057383588591,-3,M,47094
114.88,1.7137078485961956,-3,M,47094
167.24,1.3517468062581097,-3,M,47094
67.47,0.40155627120555504,-2,M,47094
48.95,0.7657110768128917,-2,M,47094
73.1,1.2256177864963544,-2,M,47094
132.63,0.3476385885454754,-2,M,47094
145.08,-0.7778887148741774,-2,M,47094
62.51,0.9572472254912658,-2,M,47094
71,0.23501806575533862,-9,F,47160
42.77,-0.6749909521672738,-9,F,47160
63.61,-1.5522868454063328,-9,F,47160
117.22,-0.888585268179613,-9,F,47160
45.06,0.07511538509596462,-9,F,47160
90.8,-1.2999518383702549,-9,M,47161
76.44,-0.7890295422660107,-9,M,47161
95.92,-0.37858857502023197,-9,M,47161
65.18,-0.012005374735248268,-2,M,47161
165.59,0.7657110768128917,-2,M,47161
171.84,0.28691340773191326,-2,M,47161
171.6,-0.3951262846397124,-2,M,47161
78.16,-0.9499557104570598,-9,M,47164
97.7,-0.1797556598242339,-9,M,47164
66.09,-0.006709917683809377,-8,M,47164
26.44,-0.42488246556900777,-8,M,47164
98.34,-1.0838921536935358,-9,F,47167
55.46,-0.17718219101205593,-9,F,47167
79.79,-1.5522868454063328,-9,M,47168
154.14,-0.9499557104570598,-9,M,47168
132.76,0.4482453448732296,-9,M,47168
119.45,0.07511538509596462,-9,M,47168
53.83,1.4316057197490761,1,M,47168
133.41,1.4005274541612098,1,M,47168
71.52,0.28683238940164685,1,M,47168
118.1,-1.315160201280927,1,M,47168
101.9,-1.3826407663015585,1,M,47168
147.84,-0.3018259773921978,1,M,47168
112.18,0.1608651980011189,1,M,47168
78.02,-1.7268321465463705,7,M,47182
68.96,-1.1337943512408843,7,M,47182
66.78,-0.17633485314751265,7,M,47182
93.5,-0.09520676173474665,7,M,47182
62.64,0.49986947886655314,7,M,47182
49.81,0.8649236014713472,7,M,47182
61.4,0.20753195382958906,7,M,47182
105.18,-0.6205361216918274,7,M,47182
125.12,-0.41523725272725415,7,M,47182
87.94,0.35391043669709793,7,M,47182
77.29,-0.5426459515488792,-3,M,47195
32.56,-0.3746324579243882,-3,M,47195
81.08,-0.4277167550918965,-3,M,47195
102.06,0.0726559397418769,-3,M,47195
33.21,1.085057383588591,-3,M,47195
155.84,0.32638971983814546,-3,M,47195
64.12,-1.292065672841432,-3,M,47195
158.21,-0.517745275661619,-3,M,47195
69.34,0.3039955737284972,-7,M,47196
81.34,-0.41724131844750395,-7,M,47196
91.23,-0.40195302092734875,-7,M,47196
150.47,-0.8126182810668979,-7,M,47196
103.25,-0.17705662994963217,-7,M,47196
90.68,0.011173826116223121,-7,M,47198
125.01,-0.008661329310293644,-7,M,47198
103.75,-0.40195302092734875,-7,M,47198
111.94,-0.8968823060678369,-7,M,47198
119.77,-0.7111013977556003,-7,M,47198
133,-0.8543867164648149,-5,M,47200
109.98,-0.55037045468832,-5,M,47200
121.28,0.7084324433902892,-5,M,47200
119.81,1.5999502576759852,-5,M,47200
120.47,2.2033564475355454,-5,M,47200
149.01,1.9997067923051255,-5,M,47200
80.19,-2.3266439322309544,-4,M,47200
89.9,-1.136003208737942,-4,M,47200
88.23,-1.7075386073099272,-4,M,47200
108.49,-0.9539204265205773,-4,M,47200
197.04,0.32468933201773437,-4,M,47200
187.07,0.8781089820287381,-4,M,47200
73.2,-0.012005374735248268,-2,M,47200
120.04,0.7657110768128917,-2,M,47200
123.19,0.5225855394131862,-2,M,47200
189.76,-0.32333956288781657,-2,M,47200
186.58,-0.3647018055333454,-2,M,47200
111.44,1.1882112061241707,-2,M,47200
51.98,1.1206434483367205,-2,M,47200
46.48,-0.9437735769049497,-3,M,47275
106.95,-0.05294791296117927,-3,M,47275
124.16,0.7711918003057335,-3,M,47275
178.38,1.7137078485961956,-3,M,47275
154.13,1.3630470877294234,-3,M,47275
162.39,-0.4889705549993197,-3,M,47275
101.31,0.2517383744501137,-3,M,47275
52.95,-1.3198622278921301,-8,F,47290
53.52,-1.6547400630667428,-8,F,47290
54.06,-1.5043463586828423,-8,F,47290
45.47,-1.0673736365600115,-8,F,47290
71.08,-0.03498769263895102,-8,F,47290
108.02,-0.22994865821458138,-8,F,47290
99.34,-0.7934902320332075,-8,F,47290
168.23,-0.5056240086897273,-8,F,47290
155.9,0.10975732065146512,-8,F,47290
127.6,0.25917374191734244,-8,F,47290
170.47,1.505151180698277,-8,M,47298
144.25,1.543076469107509,-8,M,47298
133.99,0.654571870310997,-8,F,47317
153.57,1.505151180698277,-8,F,47317
90.79,1.0282234352866924,-8,F,47317
147.12,-0.04838004634996143,-8,F,47317
95.12,1.2085422802336696,-8,F,47317
75.84,-0.3428361288278888,-7,M,47352
90.88,-0.40195302092734875,-7,M,47352
78.9,-0.8820677794475655,-7,M,47352
91.63,-0.8072525859235299,-7,M,47352
136.74,-0.8259171311416116,-7,M,47352
95.59,0.8925402389691682,-7,M,47352
167.52,0.7531888036824822,-7,M,47352
65.76,0.40155627120555504,-2,M,47352
82.31,0.9036384162406853,-2,M,47352
125.23,0.5225855394131862,-2,M,47352
161.4,-0.32333956288781657,-2,M,47352
79.39,-0.4843470832659625,-2,M,47352
51.4,0.25761893565014216,-2,M,47352
205.99,0.40657524770942555,-2,M,47352
115.3,-0.18925144461904492,0,M,47352
75.18,-0.32367126161483895,0,M,47352
94.98,-0.24675380708513944,0,M,47352
116.34,-1.1907048158029732,0,M,47352
134.86,-0.21918344804098566,0,M,47352
135.73,-0.44294432697806757,0,M,47352
131.74,-0.49789750342677724,0,M,47352
89.68,-0.13042994912372502,-7,M,47354
105.67,-0.40195302092734875,-7,M,47354
119.7,-0.8968823060678369,-7,M,47354
76.02,-0.7111013977556003,-7,M,47354
74.5,-0.9153010133364534,-7,M,47354
112.63,0.16456128760960162,-7,M,47354
67.45,0.712652775503027,-7,M,47354
133.76,0.6711365974202954,-7,M,47354
123.14,-0.3999987491671451,-3,M,47378
112.66,-0.7503462691055661,-3,M,47378
125.2,-0.4277167550918965,-3,M,47378
17.9,0.3164956568743098,-3,M,47378
127.57,0.8046446441240553,-5,M,48481
131.87,2.2033564475355454,-5,M,48481
133.13,1.9997067923051255,-5,M,48481
103.9,0.6364658741784984,-5,M,48481
174.57,0.04934275876324628,-5,M,48481
126.11,0.12011472204966285,-5,M,48481
132.01,0.7552734685558903,-5,M,48481
87.62,-1.2972931828166616,-4,M,48481
84.25,-2.3266439322309544,-4,M,48481
120.08,-1.136003208737942,-4,M,48481
74.15,-0.9539204265205773,-4,M,48481
166.09,0.04121043305299307,-4,M,48481
131.63,0.6710474061949598,-4,M,48481
99.22,-0.7503462691055661,-3,M,49879
86.78,-0.3746324579243882,-3,M,49879
131.04,-0.05294791296117927,-3,M,49879
126.39,-0.47161554145782086,-3,M,49879
106.58,-0.4889705549993197,-3,M,49879
101.93,0.8987229187047152,1,M,49915
77.1,-1.4313037461007516,1,M,49915
77.03,-1.2059409779562635,1,M,49915
68.66,-0.3018259773921978,1,M,49915
82.2,0.2182039870493132,1,M,49915
101.21,0.1821449278867023,1,M,49915
47.94,1.7406301506384123,1,M,49915
128.3,-1.0306282503941195,-5,M,49936
135.2,-0.9952706047490227,-5,M,49936
112.25,0.7084324433902892,-5,M,49936
55.82,2.2033564475355454,-5,M,49936
129.92,2.0314001011278195,-5,M,49936
140.1,0.5698027074227351,-5,M,49936
53.32,-1.9378115695708353,-4,M,51522
50.15,-1.8323876716922283,-4,M,51522
75.1,-1.7131472104896657,-4,M,51522
103.6,-1.3387646255168217,-4,M,51522
114.55,-0.9539204265205773,-4,M,51522
134.08,0.03678178434871762,-4,M,51522
142.59,0.8781089820287381,-4,M,51522
119.49,-0.4277167550918965,-3,M,51523
129.1,0.09598293838000668,-3,M,51523
179.64,1.7137078485961956,-3,M,51523
170.28,1.3630470877294234,-3,M,51523
140.99,0.3164956568743098,-3,M,51523
155.38,-1.292065672841432,-3,M,51523
182.8,0.9036384162406853,-2,M,51523
182.21,0.3158631181981125,-2,M,51523
123.33,1.1692728118389368,-2,M,51523
42.9,1.0285418543135605,-2,M,51523
59.45,-1.7686400023842426,-4,M,51551
73.61,-2.3266439322309544,-4,M,51551
66.67,-1.0880877703023921,-4,M,51551
78.67,-1.7075386073099272,-4,M,51551
175.84,-0.9539204265205773,-4,M,51551
78.74,0.626632340715158,-4,M,51551
50.04,0.7016443308990181,-4,M,51551
91.06,0.762196332493487,-4,M,51551
96.88,0.69116791298009,-4,M,51551
121.37,0.3387939389298092,-1,M,51551
82.34,0.28735243386528736,-1,M,51551
106.64,0.448020177360797,-1,M,51551
131.39,1.062892393200481,-1,M,51551
120.88,1.1138467222922361,-1,M,51551
94.72,2.163766123554288,-1,M,51551
78.75,-0.23511349460755518,-6,M,51698
126.46,-0.4792260920664518,-6,M,51698
154.76,-0.5424143995968217,-6,M,51698
82.73,-0.23511349460755518,-6,M,51701
157.57,-0.29165817593545385,-6,M,51701
186.16,-0.5424143995968217,-6,M,51701
194.98,-0.482153806371284,-6,M,51701
105.14,-2.3266439322309544,-4,M,51701
118.33,-1.0880877703023921,-4,M,51701
92.49,-1.7075386073099272,-4,M,51701
114.64,-0.64521031314613575,-4,M,51701
174.1,0.03678178434871762,-4,M,51701
158.47,0.8781089820287381,-4,M,51701
185.14,0.36178234939205794,-6,M,51702
94.99,-1.7075386073099272,-4,M,51702
164.87,0.8644821985948831,-4,M,51702
180.3,0.45192011336158355,-4,M,51702
90.18,-0.55037045468832,-5,M,51722
117.17,0.7227093980718088,-5,M,51722
108.01,2.2033564475355454,-5,M,51722
126.1,0.04934275876324628,-5,M,51722
152.48,0.12011472204966285,-5,M,51722
130.45,0.8086946398179345,-5,M,51722
104.01,-0.38934829922184405,-1,M,51722
127.96,-0.5623045876558141,-1,M,51722
173.68,0.4437098026946551,-1,M,51722
165.48,0.9077068175155699,-1,M,51722
118.21,1.0644763989753894,-1,M,51722
146.56,0.6982440735624633,-1,M,51722
156.09,1.366962754363284,-1,M,51722
71.91,-2.3266439322309544,-4,M,51742
103.04,-1.136003208737942,-4,M,51742
100.01,-0.9539204265205773,-4,M,51742
139.06,0.32468933201773437,-4,M,51742
132.87,0.5719624139934395,-4,M,51742
103.83,0.2558582203156534,-1,M,51805
114.37,0.5036918754439135,-1,M,51805
126.11,0.28735243386528736,-1,M,51805
108.92,0.9077068175155699,-1,M,51805
151.71,1.6706752709411241,-1,M,51805
115.95,1.0431692606882428,-1,M,51805
122.94,0.8933063814398031,-1,M,51805
111.52,-0.31855836577835417,0,M,51811
92.69,-0.32367126161483895,0,M,51811
48.59,-0.8413252401812868,0,M,51811
88.59,-0.7940304951760296,0,M,51811
125.28,-0.6738725922855747,0,M,51811
81.02,-0.02978040479428405,0,M,51811
59.42,0.09187257643286308,0,M,51811
71.17,-0.28575495577823323,0,M,51811
120.24,-0.3705190102247857,0,M,51811
124.74,-0.22017664578661947,0,M,51811
176.65,-0.9437735769049497,-3,M,51813
157.6,0.09598293838000668,-3,M,51813
171.74,1.5311599274588505,-3,M,51813
122.85,1.3630470877294234,-3,M,51813
150.89,-0.5619747115067856,-3,M,51813
31.31,0.6447272491301186,-3,M,51813
46.81,0.4822818438822591,-2,M,51825
114.69,0.5225855394131862,-2,M,51825
178.31,-0.32333956288781657,-2,M,51825
42.86,0.9572472254912658,-2,M,51825
114.38,1.1882112061241707,-2,M,51825
96.24,-2.3266439322309544,-4,M,51872
78.57,-1.0880877703023921,-4,M,51872
128.89,-1.3387646255168217,-4,M,51872
76.06,-1.0524937531765128,-4,M,51872
168.73,-0.64521031314613575,-4,M,51872
58.54,0.8987229187047152,1,M,51929
121.76,1.1472378042210045,1,M,51929
117.42,0.7447913653925751,1,M,51929
61.16,-1.315160201280927,1,M,51929
73.01,-1.3597478583805827,1,M,51929
83.15,-1.3826407663015585,1,M,51929
91.67,-0.669009871490308,1,M,51929
138.23,0.2182039870493132,1,M,51929
124.82,0.49690423876043455,1,M,51929
94.38,-0.5623045876558141,-1,M,52082
126.35,0.5036918754439135,-1,M,52082
150.1,0.41567018292367536,-1,M,52082
126.58,0.9565794340863227,-1,M,52082
135.29,1.0644763989753894,-1,M,52082
157.78,0.6982440735624633,-1,M,52082
136.61,1.366962754363284,-1,M,52082
135.13,2.2384767391874276,-1,M,52082
89.63,-1.3387646255168217,-4,M,52092
71.8,-0.9539204265205773,-4,M,52092
102.12,-0.64521031314613575,-4,M,52092
156.8,0.2949456885408249,-4,M,52092
108.21,0.8781089820287381,-4,M,52092
101.28,-0.5825360279122933,-3,M,52092
105.12,-0.3497101192760147,-3,M,52092
109.64,-0.7503462691055661,-3,M,52092
126.71,-0.05294791296117927,-3,M,52092
125.09,1.4806299732959622,-3,M,52092
141.65,1.564719107088692,-3,M,52092
72.72,0.2850485086106849,-3,M,52092
54.99,-0.44159262135262944,-3,M,52092
52.91,-0.0035641834368298985,4,M,53007
61.57,0.050557556328785815,4,M,53007
74.18,-0.737632175042609,4,M,53007
116.77,0.008379942316513298,4,M,53007
30.93,0.8503168419356191,4,M,53007
149.07,1.358837992697426,4,M,53007
62.15,0.5446329339290875,4,M,53007
91.3,0.40819616917837165,4,M,53007
49.86,-0.46014891925586693,6,M,53592
88.69,0.30965658550325825,6,M,53592
91.25,0.38006925028101374,6,M,53592
30.55,-0.06663260250309433,6,M,55455
58.11,0.43078924371591576,6,M,55455
54.8,0.4053509944963688,6,M,55455
66.11,0.38006925028101374,6,M,55455
55.63,1.1154962374369148,6,M,55455
97.51,0.2886042240066694,6,M,55455
48.73,0.5180200671036045,6,M,55455
54.26,-1.037686651210535,6,M,55455
58.89,-0.8105916487775846,6,M,55455
59.6,-0.9264455602816172,6,M,55455
61.96,-1.5371755135569904,6,M,55455
75.43,-0.1739429460668677,6,M,55455
54.23,-1.4700947803157225,7,M,55455
66.09,-1.8650110975712664,7,M,55455
70.96,-2.445002260556905,7,M,55455
51.19,-2.017534007579828,7,M,55455
63.35,-1.8197753833980754,7,M,55455
51.98,-0.43159286203514335,7,M,55455
55.03,0.04671775243463647,7,M,55455
59.4,0.8075786046690738,7,M,55455
110.36,0.8346882657599753,7,M,55455
72.56,-0.6205361216918274,7,M,55455
66.61,-0.6349084527678809,7,M,55455
88.34,-0.07768572107866376,7,M,55455
62.19,0.3432800661912515,7,M,55455
88.5,0.6403042632251784,7,M,55455
94.63,-0.3688819560441179,-1,M,56497
145.95,-0.20898921887983057,-1,M,56497
116.3,0.2558582203156534,-1,M,56497
106.77,0.5036918754439135,-1,M,56497
152.3,0.28735243386528736,-1,M,56497
140.57,0.9077068175155699,-1,M,56497
113.73,1.1246734153563083,-1,M,56497
106.09,1.1138467222922361,-1,M,56497
129.44,0.6982440735624633,-1,M,56497
118.33,-0.32367126161483895,0,M,56497
39.77,-0.24675380708513944,0,M,56497
79.51,-0.8997811002408888,0,M,56497
103.89,-0.8346619978376517,0,M,56497
145.79,-0.21918344804098566,0,M,56497
141.22,0.1560441855740145,0,M,56497
132.58,-0.278781819234666,0,M,56497
32.42,-0.1687525615579591,10,M,56537
28.6,0.04683691778839437,10,M,56537
40.42,0.6023140897755793,10,M,56537
56.64,1.1932048089781744,10,M,56537
62.53,1.4245966365176443,10,M,56537
65.85,1.0052060530870122,10,M,56537
81.85,0.5989361248217401,10,M,56537
136.16,-0.6733072754000524,10,M,56537
88.6,0.07548124117206542,-2,M,56547
61.99,-0.012005374735248268,-2,M,56547
73.29,0.4822818438822591,-2,M,56547
133.37,0.9036384162406853,-2,M,56547
112.49,0.6045104367227359,-2,M,56547
185.95,-0.32333956288781657,-2,M,56547
45.8,0.9572472254912658,-2,M,56547
37.19,1.1882112061241707,-2,M,56547
105.49,0.5092996951440901,1,M,56547
161.2,1.1472378042210045,1,M,56547
135.31,0.7447913653925751,1,M,56547
68.13,-1.1565316280947469,1,M,56547
84.91,-1.3597478583805827,1,M,56547
126.7,-1.6095697472217922,1,M,56547
107.87,-0.3018259773921978,1,M,56547
170.52,0.2182039870493132,1,M,56547
178.52,1.1489786463002982,1,M,56547
53.32,0.40155627120555504,-2,M,56549
57.24,0.9036384162406853,-2,M,56549
85.39,0.5225855394131862,-2,M,56549
105.05,0.3476385885454754,-2,M,56549
123.59,-0.8459775189699845,-2,M,56549
162.64,-0.3647018055333454,-2,M,56549
170.7,0.25761893565014216,-2,M,56549
112.39,1.1882112061241707,-2,M,56549
38.91,-0.32367126161483895,0,M,56549
52.7,-0.0746820217574915,0,M,56549
53.8,-0.7940304951760296,0,M,56549
61.38,-0.6738725922855747,0,M,56549
100.35,-0.12185169879873173,0,M,56549
86.39,-0.44294432697806757,0,M,56549
113.04,-0.49789750342677724,0,M,56549
162.84,-0.278781819234666,0,M,56549
109.48,0.07548124117206542,-2,M,56553
47.1,0.7657110768128917,-2,M,56553
140.58,1.2256177864963544,-2,M,56553
149.59,-0.32333956288781657,-2,M,56553
143.81,-0.7320362081667228,-2,M,56553
161.83,-0.37850159551851215,-2,M,56553
154.26,0.3158631181981125,-2,M,56553
91.4,0.9572472254912658,-2,M,56553
63.22,-0.3688819560441179,-1,M,56553
51.26,-0.20898921887983057,-1,M,56553
80.49,-0.5623045876558141,-1,M,56553
91.01,0.42302540477804834,-1,M,56553
99.54,-0.1265473644260399,-1,M,56553
70.74,0.5327047738951152,-1,M,56553
131.34,0.2531002786785402,0,M,56553
45.5,-0.7940304951760296,0,M,56553
88.2,-0.8346619978376517,0,M,56553
137.73,-0.21918344804098566,0,M,56553
111.01,-0.05252085760665065,0,M,56553
82.95,0.1560441855740145,0,M,56553
124.24,-0.3705190102247857,0,M,56553
151.32,-0.278781819234666,0,M,56553
80.64,-1.4383769610524686,3,M,56553
68.73,-1.4458355242206233,3,M,56553
58.96,-1.675274156575668,3,M,56553
92.05,-2.169363972173787,3,M,56553
98.96,-2.191888514968536,3,M,56553
91.58,-1.0409039296267504,3,M,56553
37.23,-0.2555261287696501,3,M,56553
79.75,1.0366512656496578,3,M,56553
153.14,0.40155627120555504,-2,M,56559
213.29,-0.7778887148741774,-2,M,56559
113.88,1.1692728118389368,-2,M,56559
96.69,-1.8650110975712664,7,M,56561
96.95,-2.395765024028142,7,M,56561
78.47,-1.8006849349503915,7,M,56561
76.31,-0.8400516053199666,7,M,56561
83.91,0.04671775243463647,7,M,56561
66.95,0.8649236014713472,7,M,56561
62.12,1.2039404756308514,7,M,56561
56.84,-0.6205361216918274,7,M,56561
136.89,0.3387939389298092,-1,M,56573
89.37,1.062892393200481,-1,M,56573
85.18,1.782235920811158,-1,M,56573
90.79,-0.5623045876558141,-1,M,56581
106.11,0.42302540477804834,-1,M,56581
72.03,-0.1265473644260399,-1,M,56581
91.51,0.41567018292367536,-1,M,56581
118.41,0.448020177360797,-1,M,56581
127.29,1.6706752709411241,-1,M,56581
136.4,1.1138467222922361,-1,M,56581
75.47,1.0308292483467554,-1,M,56581
87.71,-0.28051153282772046,0,M,58971
89.58,-0.0746820217574915,0,M,58971
109.61,-0.8413252401812868,0,M,58971
108.56,-1.1907048158029732,0,M,58971
143.37,-0.21918344804098566,0,M,58971
85.59,-1.6565838980348953,1,M,58971
160.51,1.4316057197490761,1,M,58971
99.39,-0.9641905602785932,0,M,58982
76.04,-0.318736493163456,0,M,58982
83.5,-0.24675380708513944,0,M,58982
72.33,-0.7940304951760296,0,M,58982
104.63,-0.8346619978376517,0,M,58982
74.51,-0.5289989538300082,0,M,58982
148.49,0.11622190807146608,4,M,58982
97.83,1.2843557984565201,4,M,58982
116.13,0.5446329339290875,4,M,58982
60.22,1.0854114426799837,4,M,58982
128.87,0.3338895543202417,4,M,58982
164.06,-0.4851726333961604,5,M,58982
175.88,-1.070263308176166,5,M,58982
96.85,-0.8226357743151493,5,M,58982
95.08,0.25041817290486634,5,M,58982
61.59,-0.5573586567355931,6,M,58982
49.78,-0.46014891925586693,6,M,58982
52.27,0.43078924371591576,6,M,58982
56.69,0.4053509944963688,6,M,58982
74.12,0.38006925028101374,6,M,58982
58.06,0.4577620161891573,6,M,58982
122.03,0.5180200671036045,6,M,58982
61.21,-0.6934543104192922,6,M,58982
64.38,-0.9264455602816172,6,M,58982
135.92,-0.9641905602785932,0,M,58983
91.71,-0.318736493163456,0,M,58983
44.11,0.2531002786785402,0,M,58983
119.84,-0.24675380708513944,0,M,58983
74.52,-0.10395155705784892,5,M,58983
48.66,-0.32052715022286676,5,M,58983
101.91,-0.318736493163456,0,M,58984
68.93,-0.0746820217574915,0,M,58984
63.06,-0.8413252401812868,0,M,58984
98.56,-0.8346619978376517,0,M,58984
131.62,-0.12185169879873173,0,M,58984
95.94,0.09187257643286308,0,M,58984
146.87,-0.3705190102247857,0,M,58984
131.33,-0.7420915878441826,0,M,58984
111.92,-0.4400893602745764,0,M,58984
67.19,-0.32367126161483895,0,M,58993
58.45,-0.0746820217574915,0,M,58993
60.82,-0.24675380708513944,0,M,58993
71.05,-0.8997811002408888,0,M,58993
71.98,-1.1907048158029732,0,M,58993
135.18,-0.6738725922855747,0,M,58993
58.84,-0.05252085760665065,0,M,58993
85.96,0.09187257643286308,0,M,58993
63.68,-0.28575495577823323,0,M,58993
132.32,-0.3705190102247857,0,M,58993
146.91,-0.22017664578661947,0,M,58993
53.27,-1.5955203223618526,1,M,58993
63.82,-1.2317185477647998,1,M,58993
65.41,-0.267430742664959,1,M,58993
80.59,0.3855955721016289,1,M,58993
118.39,1.4316057197490761,1,M,58993
200.87,1.5206347137411247,1,M,58993
54.96,-1.1565316280947469,1,M,58993
190.65,-1.3597478583805827,1,M,58993
100.52,-0.669009871490308,1,M,58993
61.5,0.7845431481237857,1,M,58993
113.26,0.1608651980011189,1,M,58993
165.84,0.6678402536810322,1,M,58993
71.25,1.499636100306894,1,M,59053
75.17,-0.623459489714407,1,M,59053
133.39,-1.4313037461007516,1,M,59053
122.35,-0.669009871490308,1,M,59053
52.7,0.5092996951440901,1,M,59077
43.31,1.1472378042210045,1,M,59077
82.56,1.5206347137411247,1,M,59077
92.87,-0.623459489714407,1,M,59077
102.85,-1.4313037461007516,1,M,59077
49.86,-1.3826407663015585,1,M,59077
80.27,-0.3018259773921978,1,M,59077
98.49,0.2182039870493132,1,M,59077
115.72,-0.23989604273427187,1,M,59077
169.83,1.1489786463002982,1,M,59077
129.49,1.7974480354264588,1,M,59077
101.6,1.7406301506384123,1,M,59077
120.89,1.6747460185311893,1,M,59077
135.02,1.633619397936353,1,M,59077
70.17,-0.15280942920945434,4,M,59077
77.57,0.050557556328785815,4,M,59077
106.81,-0.6887364336749754,4,M,59077
136.29,1.2359171398608781,4,M,59077
148.14,0.7425315453426093,4,M,59077
120.63,-0.18925144461904492,0,M,59078
124.79,0.2531002786785402,0,M,59078
53.07,-0.7940304951760296,0,M,59078
137.08,-0.8346619978376517,0,M,59078
61.14,-0.44294432697806757,0,M,59078
113.4,-0.28575495577823323,0,M,59078
164.79,-0.22017664578661947,0,M,59078
84.56,-0.0746820217574915,0,M,59084
66.27,-0.8413252401812868,0,M,59084
138.4,-1.1907048158029732,0,M,59084
144.53,-0.5289989538300082,0,M,59084
103.53,0.09187257643286308,0,M,59084
128.73,-0.3705190102247857,0,M,59084
140.28,-0.22017664578661947,0,M,59084
157.69,0.025539526139922098,0,M,59084
77.83,1.5206347137411247,1,M,59104
76.66,0.7447913653925751,1,M,59104
95.42,-1.1565316280947469,1,M,59104
120.08,-1.6095697472217922,1,M,59104
81.73,-1.7335653815479473,3,M,59166
76.54,-2.169363972173787,3,M,59166
75.28,-1.39559945697305,3,M,59166
76.09,-0.18919320543311927,3,M,59166
38.13,-0.2555261287696501,3,M,59166
50.47,-0.12231655399391657,3,M,59166
52.93,1.0366512656496578,3,M,59166
54.74,1.3136083435135049,3,M,59166
59.8,1.4490568040956444,3,M,59166
49.08,-1.4380703132265398,3,M,59168
79.52,-1.4383769610524686,3,M,59168
57.85,-1.675274156575668,3,M,59168
80.86,-2.169363972173787,3,M,59168
71.76,-1.921173039177174,3,M,59168
60.67,-0.18919320543311927,3,M,59168
38.36,-0.9391551899750763,3,M,59168
42.31,-0.3332633745675318,3,M,59168
43.17,-0.2555261287696501,3,M,59168
46.07,-0.12231655399391657,3,M,59168
42,1.6210287741410365,3,M,59168
51.78,1.2536954705532104,3,M,59168
98.16,1.5135005793961411,3,M,59168
80.97,-1.7335653815479473,3,M,59186
55.29,-1.901810718138425,3,M,59186
91.26,-2.066889379817266,3,M,59186
16.73,-1.921173039177174,3,M,59186
114.22,-1.0409039296267504,3,M,59186
113.61,-0.9310228158067896,3,M,59186
95.1,1.6210287741410365,3,M,59186
125.87,1.5878818076394998,3,M,59186
86.02,0.9910405063344221,3,M,59186
73.67,-2.066889379817266,3,M,59188
82.21,-2.191888514968536,3,M,59188
79.79,-0.18919320543311927,3,M,59188
123.33,-0.5591754899243218,3,M,59188
107.05,-0.13287342648682177,3,M,59188
50.77,1.3136083435135049,3,M,59188
78.38,1.4490568040956444,3,M,59188
134.02,0.4597070261675729,3,M,59188
80.3,-0.07782184457007152,4,M,59188
118.82,-0.2580654874704978,4,M,59188
100.55,0.008379942316513298,4,M,59188
58.17,0.8503168419356191,4,M,59188
160.57,1.358837992697426,4,M,59188
67.96,-1.7335653815479473,3,M,59189
84.23,-1.6060284665711562,3,M,59189
90.67,-2.169363972173787,3,M,59189
60.98,-1.921173039177174,3,M,59189
89.03,-1.0409039296267504,3,M,59189
78.18,0.8309944025390932,3,M,59189
57.35,-1.4380703132265398,3,M,59190
69.09,-1.675274156575668,3,M,59190
90.04,-2.191888514968536,3,M,59190
83.16,-1.0409039296267504,3,M,59190
74.85,-0.9310228158067896,3,M,59190
82.83,-0.9391551899750763,3,M,59190
34.6,-0.3332633745675318,3,M,59190
38.03,-0.13287342648682177,3,M,59190
76.47,1.0366512656496578,3,M,59190
79.35,1.5135005793961411,3,M,59190
69.98,-1.4383769610524686,3,M,59191
70.51,-1.901810718138425,3,M,59191
63.68,-2.169363972173787,3,M,59191
73.41,-2.191888514968536,3,M,59191
78.26,-1.0409039296267504,3,M,59191
67.96,-0.9310228158067896,3,M,59191
63.61,-0.9391551899750763,3,M,59191
32.85,-0.2555261287696501,3,M,59191
46.25,-0.12231655399391657,3,M,59191
50.68,1.6210287741410365,3,M,59191
50.23,1.2536954705532104,3,M,59191
118.32,0.923152450165011,3,M,59191
84.99,-0.7722983486194612,6,M,59191
52.77,-0.8053254151116112,6,M,59191
55.7,-0.21692048207455902,6,M,59191
90.21,0.43078924371591576,6,M,59191
95.68,0.6286091444346182,6,M,59191
70.48,1.1154962374369148,6,M,59191
100.64,0.2717715593147265,6,M,59191
84.48,-1.037686651210535,6,M,59191
111.76,-0.6934543104192922,6,M,59191
112.59,-1.155867705990657,6,M,59191
63.59,-1.4383769610524686,3,M,59192
67.12,-1.901810718138425,3,M,59192
71.51,-2.066889379817266,3,M,59192
65.89,-1.921173039177174,3,M,59192
72.83,-1.0302859185590045,3,M,59192
69.06,-0.9310228158067896,3,M,59192
66.22,-0.9391551899750763,3,M,59192
62.08,-0.3332633745675318,3,M,59192
44.44,-0.13287342648682177,3,M,59192
38.6,0.8309944025390932,3,M,59192
57.16,1.6210287741410365,3,M,59192
47.76,1.4490568040956444,3,M,59192
47.59,1.5878818076394998,3,M,59192
42.02,0.4597070261675729,3,M,59192
74.56,-1.7335653815479473,3,M,59198
78.43,-1.901810718138425,3,M,59198
114.83,-2.066889379817266,3,M,59198
88.82,-1.0409039296267504,3,M,59198
80.25,-0.5591754899243218,3,M,59198
43.21,-0.620073618195637,3,M,59198
43.14,-0.4136595073105905,3,M,59198
41.1,-0.13287342648682177,3,M,59198
40,0.8309944025390932,3,M,59198
52.6,1.6210287741410365,3,M,59198
43.58,1.2536954705532104,3,M,59198
49.37,1.5135005793961411,3,M,59198
77.12,0.923152450165011,3,M,59198
77.81,-1.7335653815479473,3,M,59199
83.52,-2.169363972173787,3,M,59199
70.81,-1.921173039177174,3,M,59199
74.29,-1.0409039296267504,3,M,59199
68.96,-0.18919320543311927,3,M,59199
58.45,-0.3332633745675318,3,M,59199
47.09,-0.12231655399391657,3,M,59199
51.89,1.0366512656496578,3,M,59199
53.21,1.3136083435135049,3,M,59199
53.25,1.4490568040956444,3,M,59199
68.52,-2.169363972173787,3,M,59202
91.87,-2.191888514968536,3,M,59202
106.76,-1.0409039296267504,3,M,59202
114.93,-0.9310228158067896,3,M,59202
133.86,-0.4136595073105905,3,M,59202
45.14,1.0366512656496578,3,M,59202
48.54,1.3136083435135049,3,M,59202
118.38,0.04267919773652532,4,M,59202
120.69,-0.4514594685266823,4,M,59202
169.63,0.4726035968422416,4,M,59202
56.83,-0.737632175042609,4,M,59241
78.51,-0.4514594685266823,4,M,59241
27.23,0.008379942316513298,4,M,59241
43.11,0.3336924665274921,4,M,59241
70.26,1.395683574430526,4,M,59241
147.84,1.2843557984565201,4,M,59241
88.46,0.40819616917837165,4,M,59241
43.9,0.4726035968422416,4,M,59241
72.61,0.435157570950292,4,M,59241
86.79,0.7425315453426093,4,M,59241
48.48,0.41181838428762124,4,M,59241
131.59,-0.4514594685266823,4,M,59243
155.1,0.11622190807146608,4,M,59243
53.48,1.395683574430526,4,M,59243
77.1,1.2843557984565201,4,M,59243
76.93,1.152574516780398,4,M,59243
147.9,0.40819616917837165,4,M,59243
63.59,0.39199496563640435,4,M,59243
71.31,1.0854114426799837,4,M,59243
91.91,0.3338895543202417,4,M,59243
126.49,1.0779528122121824,4,M,59243
104.8,0.5855778383187856,4,M,59243
105.72,-0.4514594685266823,4,M,59245
163.22,0.11622190807146608,4,M,59245
149.78,1.358837992697426,4,M,59245
126.56,0.5446329339290875,4,M,59245
129.48,0.4726035968422416,4,M,59245
137.46,0.7425315453426093,4,M,59245
49.51,0.5311605747929845,4,M,59245
136.79,-0.4514594685266823,4,M,59249
103.4,1.0854114426799837,4,M,59249
109.12,0.5311605747929845,4,M,59249
120.13,1.158382213151547,4,M,59249
166.3,0.6016000521311782,4,M,59249
151.17,-0.014235482382892196,4,M,59249
111.97,-0.737632175042609,4,M,59250
123.7,0.008379942316513298,4,M,59250
163.95,0.8503168419356191,4,M,59250
157.42,1.152574516780398,4,M,59250
132,0.44589358400079043,4,M,59250
83.67,0.435157570950292,4,M,59250
180.66,0.7425315453426093,4,M,59250
93.23,0.3336924665274921,4,M,59253
45.08,1.358837992697426,4,M,59253
146.89,1.152574516780398,4,M,59253
156.19,0.44589358400079043,4,M,59253
95.65,0.435157570950292,4,M,59253
115.91,0.3338895543202417,4,M,59253
99.36,1.0779528122121824,4,M,59253
126.47,1.5297744438483507,4,M,59253
69.53,0.8503168419356191,4,M,59254
73.45,0.5446329339290875,4,M,59254
70.56,0.435157570950292,4,M,59254
159.77,0.7425315453426093,4,M,59254
132.71,1.0779528122121824,4,M,59254
101.4,-0.05228271168646342,4,M,59255
146.04,0.04784756682313512,4,M,59255
130.98,1.2843557984565201,4,M,59255
146.97,0.3947565814278844,4,M,59255
106.34,0.7425315453426093,4,M,59255
161.25,-0.32052715022286676,5,M,59255
129.14,0.07366785814109378,5,M,59255
129.71,0.11622190807146608,4,M,59256
119.94,1.358837992697426,4,M,59256
96.17,0.5446329339290875,4,M,59256
121.11,0.3947565814278844,4,M,59256
81.46,0.435157570950292,4,M,59256
94.67,0.3338895543202417,4,M,59256
67.83,0.9312099329785472,4,M,59256
72.65,1.158382213151547,4,M,59256
62.34,-0.40867289569761084,-1,M,64569
55.31,0.3387939389298092,-1,M,64569
77.01,0.5036918754439135,-1,M,64569
107.27,-0.1265473644260399,-1,M,64569
78.09,0.5327047738951152,-1,M,64569
110.51,0.9932147076309777,-1,M,64569
125.71,1.6706752709411241,-1,M,64569
125.02,1.0644763989753894,-1,M,64569
105.24,0.6982440735624633,-1,M,64569
101.26,-0.6499514014409212,7,M,65216
99.26,-0.07768572107866376,7,M,65216
112.45,0.7411594350790723,7,M,65216
60.5,0.6040810376922182,9,M,65216
56.87,1.4307051172661145,9,M,65216
68.77,1.5019548803856064,9,M,65216
61.39,1.2651735690924726,9,M,65216
75.82,0.5941890955779937,9,M,65216
89.54,0.5147921412380811,9,M,65216
117.92,-0.5451153440951916,5,M,67326
154.31,0.20498885652434654,5,M,67326
151.19,-0.4301443824384112,5,M,67326
163.32,-1.070263308176166,5,M,67326
60.19,-1.15868884472415,5,M,67326
109.04,-1.0538904770937876,5,M,67326
105.27,0.25041817290486634,5,M,67326
83.21,0.1402243793504221,7,M,67326
66.33,-2.3909000367636097,7,M,67326
84.22,-1.8197753833980754,7,M,67326
85.88,0.6521534824183132,7,M,67326
48.43,-0.43159286203514335,7,M,67326
100.41,0.4969038976225002,7,M,67326
58.61,0.04671775243463647,7,M,67326
56.39,0.6552648221647517,7,M,67326
54.56,0.8346882657599753,7,M,67326
93.75,0.20753195382958906,7,M,67326
117.63,1.5924438548807438,10,F,67421
118.14,0.5989361248217401,10,F,67421
103.01,-0.557272967990023,10,F,67421
110.93,-0.5773738009703572,10,F,67421
41.84,-0.6059133788121559,6,M,67422
50.63,-0.34198786361810835,6,M,67422
62.19,-0.06663260250309433,6,M,67422
60.53,0.43078924371591576,6,M,67422
85.48,0.4053509944963688,6,M,67422
79.91,1.0222414872848526,6,M,67422
60.22,0.4577620161891573,6,M,67422
93.81,-0.25360970020694823,6,M,67422
91.39,-0.6934543104192922,6,M,67422
66.81,-2.3909000367636097,7,M,67422
63.92,-0.6833896367195976,7,M,67422
93.22,-1.4700947803157225,7,M,67422
111.45,-1.7268321465463705,7,M,67422
68.65,-0.8400516053199666,7,M,67422
106.51,-2.314610181803291,7,M,67422
95.03,-0.43159286203514335,7,M,67422
68.33,0.6552648221647517,7,M,67422
56.13,0.8649236014713472,7,M,67422
83.37,-1.2992809011453361,8,M,67426
68.02,-0.8847623513968642,8,M,67426
71.1,-1.269529857781898,8,M,67426
49.6,0.17149477717683065,8,M,67426
49.06,0.757799987699384,8,M,67426
85.74,0.9856246412090327,8,M,67426
168.56,-0.32052715022286676,5,M,67458
121.59,0.7542401842496123,5,M,67458
75.28,0.39066858904454754,5,M,67458
88.88,0.9434215289651824,5,M,67458
115.3,-1.15868884472415,5,M,67458
129.34,-0.6164286166507053,5,M,67458
53.27,0.9065629675056706,5,M,67458
104.8,1.2627184243710883,5,M,67458
80.75,-1.8722891050402832,7,M,67458
73.76,-1.7268321465463705,7,M,67458
30.92,0.49986947886655314,7,M,67458
71.09,0.8649236014713472,7,M,67458
66.51,0.9215062952998165,7,M,67458
117.15,0.3432800661912515,7,M,67458
96.65,0.9517735545634831,7,M,67458
68,1.430684585733393,9,M,67458
66.93,0.8777522760020592,9,M,67458
93.07,0.5941890955779937,9,M,67458
95.83,0.949724592279527,9,M,67458
61.75,1.272315670083089,9,M,67458
41.05,-0.23834330293962294,10,M,67458
48.67,0.2803641038649695,10,M,67458
41.47,0.006681400513851913,10,M,67458
91.79,0.7308574479531509,10,M,67458
30.94,1.5924438548807438,10,M,67458
40.12,1.041591912184039,10,M,67458
126,0.4758764542681639,10,M,67458
107.42,1.5924438548807438,10,F,67475
84.27,0.5989361248217401,10,F,67475
81.98,0.0556271414409505,10,F,67475
55.82,-0.7619571510097817,10,F,67475
79.78,-0.7091393002336314,10,F,67475
62.34,-0.968146872656304,7,M,67477
76.08,-1.8006849349503915,7,M,67477
69.09,-1.1337943512408843,7,M,67477
79.08,-0.9781061337641825,7,M,67477
60.11,-1.890792339112328,7,M,67477
61.34,-0.17633485314751265,7,M,67477
59.38,-0.09520676173474665,7,M,67477
62.65,-2.445002260556905,7,M,67477
73.68,0.8346882657599753,7,M,67477
71.78,0.9215062952998165,7,M,67477
89.17,-0.024148891214848697,7,M,67477
52.86,-0.31668494746354137,7,M,67477
76.84,-1.1658865919702532,8,M,67477
67.79,-0.8847623513968642,8,M,67477
65.43,-0.5804323070748283,8,M,67477
68.14,-0.17983475992611714,8,M,67477
85.3,-0.2997635400415789,8,M,67477
100.53,-0.05003349641467496,8,M,67477
74.22,0.8057755598420165,8,M,67477
72.15,0.6728520458535857,8,M,67477
72.5,0.13057504062424888,8,M,67477
58.26,0.757799987699384,8,M,67477
64.66,1.8059776108322878,8,M,67477
63.03,1.358337581835581,8,M,67477
58.31,1.420483576379151,8,M,67477
119.16,1.988963200146166,8,M,67477
98.25,1.2415545801086956,10,F,67484
111.22,0.5989361248217401,10,F,67484
117.01,-0.6733072754000524,10,F,67484
111.84,-0.8125190285706377,10,F,67484
100.96,-1.0200174278368421,10,F,67484
163.34,-0.416068613349312,5,M,67485
84.1,0.6534048345841637,5,M,67485
94.12,0.39066858904454754,5,M,67485
168.85,-0.5294448773007493,5,M,67485
135.31,-0.48655377789797466,5,M,67485
83.42,0.9979990283940707,5,M,67485
73.99,-1.15868884472415,5,M,67485
99.9,0.8681357912383669,5,M,67485
129.56,1.6188107513868688,5,M,67485
122.32,-0.6164286166507053,5,M,67485
48.74,1.6108611942249307,5,M,67485
77.35,1.5877659932616839,5,M,67485
106.93,-0.8847623513968642,8,M,67620
72.09,-0.5804323070748283,8,M,67620
132.21,-0.17983475992611714,8,M,67620
113.8,-0.21900052662907102,8,M,67620
72.9,0.4060060265419609,8,M,67620
77.91,0.8057755598420165,8,M,67620
86.47,0.03967094440605326,10,M,68027
147.84,0.7308574479531509,10,M,68027
127.77,1.5924438548807438,10,M,68027
140.45,0.4758764542681639,10,M,68027
56.35,0.36609097671713486,6,M,68030
81.75,0.38006925028101374,6,M,68030
118.08,0.4577620161891573,6,M,68030
77.75,0.5180200671036045,6,M,68030
94.1,-1.037686651210535,6,M,68030
102.3,-1.1021045352309236,6,M,68030
97.8,0.29797931942439965,6,M,68030
64.11,0.4053509944963688,6,M,68036
68.73,0.4577620161891573,6,M,68036
67.69,0.5180200671036045,6,M,68036
84.99,-1.037686651210535,6,M,68036
60.5,-0.8105916487775846,6,M,68036
72.88,-1.155867705990657,6,M,68036
53.43,-1.1021045352309236,6,M,68036
112.68,-0.3476160985029452,6,M,68036
68.67,-0.1687525615579591,10,M,68036
61.14,0.03967094440605326,10,M,68036
63.34,0.6023140897755793,10,M,68036
72.39,1.1932048089781744,10,M,68036
96.61,1.481230940399499,10,M,68036
49.42,-1.0265045376948878,6,M,68040
49.42,-1.0265045376948878,6,M,68040
49.42,-1.0265045376948878,6,M,68040
49.42,-1.0265045376948878,6,M,68040
49.42,-1.0265045376948878,6,M,68040
49.42,-1.0265045376948878,6,M,68040
61.18,-1.5993943055588493,6,M,68040
61.18,-1.5993943055588493,6,M,68040
61.18,-1.5993943055588493,6,M,68040
61.18,-1.5993943055588493,6,M,68040
61.18,-1.5993943055588493,6,M,68040
61.18,-1.5993943055588493,6,M,68040
88.45,-0.3263651970353209,6,M,68040
88.45,-0.3263651970353209,6,M,68040
88.45,-0.3263651970353209,6,M,68040
88.45,-0.3263651970353209,6,M,68040
88.45,-0.3263651970353209,6,M,68040
88.45,-0.3263651970353209,6,M,68040
97.92,0.12895257752228811,6,M,68040
97.92,0.12895257752228811,6,M,68040
97.92,0.12895257752228811,6,M,68040
97.92,0.12895257752228811,6,M,68040
97.92,0.12895257752228811,6,M,68040
97.92,0.12895257752228811,6,M,68040
141.48,-0.6499514014409212,7,M,68042
87.29,-0.9781061337641825,7,M,68042
68.17,-1.890792339112328,7,M,68042
116.9,-0.07768572107866376,7,M,68042
85.38,-0.8784862897762231,8,M,68057
90.13,-0.9178719373433007,8,M,68057
117.96,-0.8847623513968642,8,M,68057
84.46,-0.5804323070748283,8,M,68057
64.85,-0.17983475992611714,8,M,68057
107.32,-0.2997635400415789,8,M,68057
82.14,0.2578165234942617,8,M,68057
75.63,0.47788886056297536,8,M,68057
77.65,-0.08818448543625655,-13,M,7952
115.64,1.518152952459437,-10,M,7952
69.85,1.2300710494791656,-10,M,7952
53.68,1.1559363610574165,-10,M,7952
73.97,1.1087121925793395,-10,M,7952
90.28,1.4953151672915947,-10,M,7952
68.71,1.8798153072862178,-10,M,7952
104.27,1.9334543129853332,-10,M,7952
100.82,-2.3909000367636097,7,M,83646
98.3,-1.8006849349503915,7,M,83646
112.54,0.04671775243463647,7,M,83646
62.53,0.9215062952998165,7,M,83646
80.54,-0.024148891214848697,7,M,83646
134.03,-0.31668494746354137,7,M,83646
53.92,-1.5539479831584277,-13,M,8767
62.23,-1.3829455978967964,-13,M,8767
56.96,-1.7001980150838436,-13,M,8767
78.43,-0.8614347109281041,-13,M,8767
74.9,0.49653947030891504,-13,M,8767
49.36,-0.3391360397586864,-11,F,9989
46.8,0.48438845919786305,-11,F,9989
75.47,0.16531700867527213,-11,F,9989
95.54,-0.47289499825998205,-11,F,9989
74.59,-0.42774338748962926,-11,F,9989
96.97,-0.5949182152071387,-11,F,9989
